{
  "processed_pairs": [
    "AB",
    "BC"
  ],
  "total_image_pairs": 14,
  "results": {
    "AB_similarity": {
      "method": "similarity",
      "mean_error": 20.7028751373291,
      "median_error": 7.308863639831543,
      "std_error": 24.637683868408203,
      "max_error": 79.45343017578125,
      "num_points": 127,
      "inliers": 47,
      "rotation_deg": -0.7949514725621594,
      "scale": 1.0307156337299395,
      "translation_x": 64.14045117870913,
      "translation_y": 1798.90251305277,
      "residuals": [
        5.62863826751709,
        4.248593330383301,
        4.067405700683594,
        4.994348526000977,
        1.5717380046844482,
        0.6713806986808777,
        0.7326598167419434,
        1.9716637134552002,
        3.4481377601623535,
        3.2689807415008545,
        2.8152973651885986,
        5.656147003173828,
        7.52648401260376,
        7.068690299987793,
        9.317031860351562,
        10.901216506958008,
        10.694600105285645,
        10.285409927368164,
        11.987092018127441,
        10.693584442138672,
        10.199030876159668,
        8.837019920349121,
        6.986153602600098,
        6.635632514953613,
        6.505772113800049,
        4.012768745422363,
        3.274618625640869,
        3.5628440380096436,
        1.102327823638916,
        0.9895956516265869,
        0.5742867588996887,
        1.6261557340621948,
        3.4888830184936523,
        4.181129455566406,
        4.564985275268555,
        6.466057777404785,
        6.317902565002441,
        8.115560531616211,
        2.7465457916259766,
        2.4948720932006836,
        3.085078001022339,
        5.681135654449463,
        1.0037128925323486,
        0.8908084630966187,
        2.2183408737182617,
        4.687509536743164,
        5.365084648132324,
        4.850025177001953,
        4.506865501403809,
        9.463159561157227,
        8.171194076538086,
        8.098271369934082,
        11.669061660766602,
        12.702616691589355,
        11.868123054504395,
        11.50233268737793,
        9.445393562316895,
        8.28109359741211,
        7.508364200592041,
        7.916788101196289,
        4.313999176025391,
        3.861013174057007,
        4.1948723793029785,
        1.9357657432556152,
        1.2551387548446655,
        0.31008023023605347,
        1.5386075973510742,
        4.561784267425537,
        5.171497821807861,
        4.397396087646484,
        57.55702209472656,
        68.45516967773438,
        79.45343017578125,
        40.5603141784668,
        49.968257904052734,
        59.71782684326172,
        69.63765716552734,
        46.49461364746094,
        56.62433624267578,
        66.42357635498047,
        43.80168914794922,
        52.8410758972168,
        63.53792190551758,
        73.92713165283203,
        49.27394104003906,
        59.811588287353516,
        70.96479034423828,
        47.52712631225586,
        76.69066619873047,
        70.26361083984375,
        62.19443130493164,
        72.07679748535156,
        56.10169982910156,
        66.28701782226562,
        48.658416748046875,
        58.392086029052734,
        69.83979034423828,
        42.84809875488281,
        51.081787109375,
        62.02235794067383,
        35.621421813964844,
        44.75061798095703,
        55.90839767456055,
        66.65235137939453,
        38.12406539916992,
        48.3523063659668,
        32.768978118896484,
        42.25043487548828,
        10.759664535522461,
        4.319341659545898,
        8.90613842010498,
        4.407766819000244,
        7.674792766571045,
        1.5537545680999756,
        2.6429059505462646,
        7.308863639831543,
        11.308277130126953,
        2.999084711074829,
        2.076028823852539,
        6.816757678985596,
        2.9146039485931396,
        0.5342949032783508,
        6.702761173248291,
        3.9523067474365234,
        0.29246583580970764,
        4.9992570877075195,
        0.9467278718948364
      ]
    },
    "AB_homography": {
      "method": "homography",
      "mean_error": 7.793843746185303,
      "median_error": 2.047933578491211,
      "std_error": 9.87145709991455,
      "max_error": 32.80881118774414,
      "num_points": 127,
      "inliers": 86,
      "residuals": [
        2.5267720222473145,
        1.2328158617019653,
        0.6299006938934326,
        0.20664311945438385,
        1.1002931594848633,
        1.1363962888717651,
        0.7796316742897034,
        1.6032594442367554,
        1.0492923259735107,
        1.021818995475769,
        1.3877334594726562,
        0.8613507151603699,
        1.5466545820236206,
        1.8654149770736694,
        1.0763518810272217,
        0.8736186623573303,
        1.314429759979248,
        2.047933578491211,
        1.5509830713272095,
        2.4694337844848633,
        3.112504482269287,
        1.0351868867874146,
        1.4815011024475098,
        2.4840593338012695,
        3.151662588119507,
        0.9240077137947083,
        2.0762922763824463,
        3.0598297119140625,
        0.9203084111213684,
        1.3645020723342896,
        3.1063222885131836,
        3.494317054748535,
        1.2679616212844849,
        2.196949005126953,
        2.9755046367645264,
        1.1629302501678467,
        0.21752257645130157,
        1.0844954252243042,
        1.1187779903411865,
        0.1856657713651657,
        1.3922419548034668,
        1.1546231508255005,
        0.6204666495323181,
        0.9551554918289185,
        1.4663710594177246,
        1.2593708038330078,
        1.1061874628067017,
        1.455283522605896,
        1.4316587448120117,
        1.5796711444854736,
        1.9872560501098633,
        1.9850726127624512,
        2.4352357387542725,
        3.3587164878845215,
        1.427502989768982,
        0.4104050397872925,
        3.771501064300537,
        2.327624797821045,
        0.9043740034103394,
        1.314440369606018,
        3.541478395462036,
        1.675922155380249,
        0.5586464405059814,
        3.824146270751953,
        2.945591926574707,
        0.5517734289169312,
        1.5448302030563354,
        3.5857856273651123,
        2.4275684356689453,
        0.5285816788673401,
        19.989757537841797,
        24.793418884277344,
        29.33263397216797,
        16.764297485351562,
        21.721139907836914,
        26.252979278564453,
        30.518789291381836,
        18.834909439086914,
        23.80782699584961,
        28.14128303527832,
        16.320777893066406,
        20.932010650634766,
        25.863739013671875,
        29.874313354492188,
        16.54948616027832,
        22.101755142211914,
        27.005741119384766,
        15.380605697631836,
        32.80881118774414,
        30.7343807220459,
        26.43404769897461,
        28.601980209350586,
        24.082035064697266,
        26.769357681274414,
        20.39859390258789,
        23.18671989440918,
        26.078041076660156,
        17.684829711914062,
        19.833139419555664,
        22.533403396606445,
        13.55566120147705,
        16.798078536987305,
        20.223926544189453,
        22.351783752441406,
        13.062766075134277,
        16.44556427001953,
        10.558099746704102,
        13.981926918029785,
        3.0189576148986816,
        4.060793876647949,
        2.372560739517212,
        1.873395323753357,
        1.4657118320465088,
        1.9453939199447632,
        1.3063572645187378,
        0.16913871467113495,
        0.9655267596244812,
        1.1666227579116821,
        0.8534821271896362,
        1.6823590993881226,
        0.6683897376060486,
        0.8589935898780823,
        2.6590347290039062,
        1.456892490386963,
        1.7219657897949219,
        1.978186011314392,
        3.057105541229248
      ]
    },
    "BC_similarity": {
      "method": "similarity",
      "mean_error": 6.77677583694458,
      "median_error": 3.323392629623413,
      "std_error": 9.295865058898926,