{
  "cameras": {
    "izquierda": {
      "model": "standard",
      "image_size": [
        3840,
        2160
      ],
      "K": [
        [
          1711.3678469027193,
          0.0,
          1978.7718332380084
        ],
        [
          0.0,
          1692.6800358750465,
          1163.3289052479306
        ],
        [
          0.0,
          0.0,
          1.0
        ]
      ],
      "dist": [
        [
          0.10507084155108698
        ],
        [
          0.003817156417844654
        ],
        [
          -0.01665765141102822
        ],
        [
          0.010592456406385169
        ]
      ]
    },
    "central": {
      "model": "standard",
      "image_size": [
        3840,
        2160
      ],
      "K": [
        [
          2194.604982620385,
          0.0,
          1877.989708702462
        ],
        [
          0.0,
          2157.363747239352,
          1116.188598038691
        ],
        [
          0.0,
          0.0,
          1.0
        ]
      ],
      "dist": [
        [
          -0.03750380295517624
        ],
        [
          -0.008102082622867768
        ],
        [
          -0.000989233633273668
        ],
        [
          0.013542508376290074
        ]
      ]
    },
    "derecha": {
      "model": "standard",
      "image_size": [
        3840,
        2160
      ],
      "K": [
        [
          2035.4969126484048,
          0.0,
          1955.3403154502246
        ],
        [
          0.0,
          2036.9144668719791,
          1080.847649107077
        ],
        [
          0.0,
          0.0,
          1.0
        ]
      ],
      "dist": [
        [
          0.01039353016890202
        ],
        [
          -0.04239301462045046
        ],
        [
          0.0391040620462399
        ],
        [
          -0.011491925906824007
        ]
      ]
    }
  }
}
