{
  "config": {
    "board_width": 7,
    "board_height": 10,
    "square_size": 0.714,
    "marker_size": 0.535,
    "image_width": 3840,
    "image_height": 2160
  },
  "intrinsics": {
    "izquierda": {
      "camera_matrix": [
        [
          1584.9317568153251,
          0.0,
          1905.55954923946
        ],
        [
          0.0,
          1620.3979543112862,
          1126.7430572976673
        ],
        [
          0.0,
          0.0,
          1.0
        ]
      ],
      "distortion_coeffs": [
        -0.17388305224226971,
        0.036072111567353,
        -0.0015698636104767582,
        -0.0018636243931804744,
        -0.0034376658032846726
      ]
    },
    "central": {
      "camera_matrix": [
        [
          1510.4946186060984,
          0.0,
          1863.0639492116316
        ],
        [
          0.0,
          1541.6346007585855,
          1076.5777371707838
        ],
        [
          0.0,
          0.0,
          1.0
        ]
      ],
      "distortion_coeffs": [
        -0.17084528535825189,
        0.038111209188131975,
        -0.0025397505239583965,
        0.0018660355723173962,
        -0.004639420526829435
      ]
    },
    "derecha": {
      "camera_matrix": [
        [
          1251.5417864683259,
          0.0,
          1920.0387559588676
        ],
        [
          0.0,
          1274.9078952675773,
          1080.586550721638
        ],
        [
          0.0,
          0.0,
          1.0
        ]
      ],
      "distortion_coeffs": [
        -0.016061021534433326,
        -0.012492605346487058,
        -0.00036951251314096175,
        0.004493923475234196,
        0.0020118853218729508
      ]
    }
  },
  "extrinsics": {
    "izquierda": {
      "rvec": [
        -0.0064996408937121756,
        0.03361025735081352,
        -0.023469545908676403
      ],
      "tvec": [
        -0.09254590668941853,
        -2.65759942888952,
        -0.38329883689141186
      ],
      "transformation_matrix": [
        [
          0.9991598861245653,
          0.023353596313452973,
          0.033676868898009665,
          -0.09254590668941853
        ],
        [
          -0.02357201955714005,
          0.9997035101091615,
          0.0061034227626456045,
          -2.65759942888952
        ],
        [
          -0.03352434717549714,
          -0.006892127004782186,
          0.9994141367480283,
          -0.38329883689141186
        ],
        [
          0.0,
          0.0,
          0.0,
          1.0
        ]
      ]
    },
    "central": {
      "rvec": [
        0.0,
        0.0,
        0.0
      ],
      "tvec": [
        0.0,
        0.0,
        0.0
      ],
      "transformation_matrix": [
        [
          1.0,
          0.0,
          0.0,
          0.0
        ],
        [
          0.0,
          1.0,
          0.0,
          0.0
        ],
        [
          0.0,
          0.0,
          1.0,
          0.0
        ],
        [
          0.0,
          0.0,
          0.0,
          1.0
        ]
      ]
    },
    "derecha": {
      "rvec": [
        -0.023054777366918317,
        -0.007534527279830039,
        0.018887456158932257
      ],
      "tvec": [
        0.06780613852554085,
        2.905923925054488,
        0.247275326196581
      ],
      "transformation_matrix": [
        [
          0.9997932637309872,
          -0.01879763485264266,
          -0.0077510465156017585,
          0.06780613852554085
        ],
        [
          0.01897132802225735,
          0.999555905595321,
          0.022979997880539678,
          2.905923925054488
        ],
        [
          0.007315634710140898,
          -0.02312229472747919,
          0.9997058772335607,
          0.247275326196581
        ],
        [
          0.0,
          0.0,
          0.0,
          1.0
        ]
      ]
    }
  },
  "board_to_camera_poses": {
    "izquierda": {
      "rvec": [
        [
          -0.011888319717776735
        ],
        [
          -0.017693603464176606
        ],
        [
          0.44419257676901697
        ]
      ],
      "tvec": [
        [
          2.602945146859663
        ],
        [
          6.338897553988422
        ],
        [
          2.487028411727068
        ]
      ]
    },
    "central": {
      "rvec": [
        [
          -0.01101161797711696
        ],
        [
          0.016931007801269618
        ],
        [
          0.42091917326544503
        ]
      ],
      "tvec": [
        [
          2.7400038541509093
        ],
        [
          3.6332414179666253
        ],
        [
          1.9713219924881258
        ]
      ]
    },
    "derecha": {
      "rvec": [
        [
          0.013438367361701965
        ],
        [
          0.019591030914363153
        ],
        [
          0.4022438729250456
        ]
      ],
      "tvec": [
        [
          2.6980559498077636
        ],
        [
          0.6368995832287975
        ],
        [
          1.7195410105694884
        ]
      ]
    }
  }
}